1307,Clarence,Acuña,,1975-02-08,39
463,Charlie,Adam,,1985-12-10,155
937,Tony,Adams,,1966-10-10,57
388,Emmanuel,Adebayor,,1984-02-26,181
795,Arita,Aduriz Zubeldia,Arita Aduriz,1981-02-11,168
696,Ibrahim,Afellay,,1986-04-02,53
35,Gabriel,Agbonlahor,,1986-10-13,57
704,Imanol,Agirretxe Arruti,Imanol Agirretxe,1987-02-24,168
510,Fabricio,Agosto Ramírez,Fabricio,1987-12-31,168
879,Manuel,Agudo Durán,Nolito,1986-10-15,168
253,Sergio,Agüero,,1988-06-02,9
554,Diego,Aguirre Parra,Diego Aguirre,1990-10-17,168
79,Nathan,Aké,,1995-02-18,53
640,Ager,Aketxe Barrutia,Ager Aketxe,1993-12-30,168
926,Francisco Román,Alarcón Suárez,Isco,1992-04-21,168
561,Eduard,Albácar Gallego,Edu Albácar,1979-11-16,168
629,Raúl,Albentosa Redal,Raúl Albentosa,1988-09-07,168
183,Marc,Albrighton,,1989-11-18,57
848,Francisco,Alcácer García,Paco Alcácer,1993-08-30,168
862,Rafael,Alcântara do Nascimento,Rafinha,1993-02-12,27
137,Antolín,Alcaraz,,1982-07-30,141
21,Alexis,Alejandro Sánchez Sánchez,Alexis Sánchez,1988-12-19,39
1111,Niclas,Alexandersson,,1971-12-29,173
224,Joe,Allen,,1990-03-14,194
279,Luís Carlos,Almeida da Cunha,Nani,1986-11-17,144
306,Jak,Alnwick,,1993-06-27,57
711,José Ángel,Alonso Martín,José Ángel,1989-03-02,168
335,Jozy,Altidore,,1989-11-06,4
163,Sone,Aluko,,1989-02-19,57
516,Sergio,Álvarez Conde,Sergio Álvarez,1986-08-03,168
654,Víctor,Álvarez Delgado,Víctor Álvarez,1993-03-14,168
541,Diego,Alves Carreira,Diego Alves,1985-06-24,27
820,Daniel,Alves da Silva,Dani Alves,1983-05-06,27
453,Morgan,Amalfitano,,1985-03-20,65
370,Jordi,Amat,,1992-03-21,168
762,Antonio,Amaya Carazo,Antonio Amaya,1983-05-31,168
1169,Darren,Ambrose,,1984-02-29,57
1321,Foluwashola,Ameobi,Shola Ameobi,1981-10-12,57
281,Ben,Amos,,1990-04-10,57
1386,Darren,Anderton,,1972-03-03,57
739,Florin,Andone,,1993-04-11,146
716,Jorge,Andújar Moreno,Coke,1987-04-26,168
974,Juan Pablo,Angel,,1975-10-24,41
725,Marcos Alberto,Angeleri,Marcos Angeleri,1983-04-07,9
555,José María,Añibarro Astondoa,Txema Añibarro,1979-07-26,168
421,Victor,Anichebe,,1988-04-23,130
291,Vurnon,Anita,,1989-04-04,53
805,Juan Pablo,Añor Acosta,Juanpi,1994-01-24,55
930,José,Antonio Reyes,,1981-09-01,168
628,Álvaro,Arbeloa,,1983-01-17,168
625,Anaitz,Arbilla Zabala,Anaitz Arbilla,1987-05-15,168
1369,Julio,Arca,,1981-01-31,9
71,Scott,Arfield,,1988-11-01,155
1173,Alun,Armstrong,,1975-02-22,57
1380,Chris,Armstrong,,1971-06-19,57
459,Marko,Arnautović,,1989-04-19,174
1224,Pegguy,Arphexad,,1973-05-18,65
648,Alejandro,Arribas Garrido,Alejandro Arribas,1989-05-01,168
507,Álvaro,Arroyo Martínez,Álvaro Arroyo,1988-07-22,168
902,Mikel,Arruabarrena Aranbide,Mikel Arruabarrena,1983-02-09,168
7,Mikel,Arteta,,1982-03-26,168
546,Sergio,Asenjo Andrés,Sergio Asenjo,1989-06-28,168
212,Iago,Aspas,,1987-08-01,168
573,Jon,Aurtenetxe Borde,Jon Aurtenetxe,1992-01-03,168
489,Charlie,Austin,,1989-07-05,57
87,César,Azpilicueta,,1989-08-28,168
1070,Celestine,Babayaro,,1978-08-29,130
1226,Markus,Babbel,,1972-09-08,69
644,Jean-Sylvain,Babin,,1986-10-14,199
860,Carlos Arturo,Bacca Ahumada,Carlos Bacca,1986-09-08,41
43,Leandro,Bacuna,,1991-08-21,53
718,José Raúl,Baena Urdiales,Raúl Baena,1989-03-02,168
610,Eric,Bailly,,1994-04-12,88
141,Leighton,Baines,,1984-12-11,57
406,Chris,Baird,,1982-02-25,133
36,Nathan,Baker,,1991-04-23,57
1190,Eirik,Bakke,,1977-09-13,134
978,Boško,Balaban,,1978-10-15,45
932,Gareth,Bale,,1989-07-16,194
598,Mikel,Balenziaga Oruesagasti,Mikel Balenziaga,1988-02-29,168
230,Mario,Balotelli,,1990-08-12,87
911,Éver Maximiliano David,Banega,Éver Banega,1988-06-29,9
694,Alhassane,Bangoura,Lass Bangoura,1992-03-30,74
1013,Steve,Banks,,1972-02-09,57
519,Mariano,Barbosa,,1984-07-27,9
909,Sérgio Paulo,Barbosa Valente,Duda,1980-06-27,144
466,Phil,Bardsley,,1985-06-28,57
149,Ross,Barkley,,1993-12-05,57
1039,Shaun,Barlett,,1972-10-31,165
181,Jack,Barmby,,1994-11-14,57
1233,Nick,Barmby,,1974-02-11,57
63,Ashley,Barnes,,1989-10-30,57
1023,Anthony,Barness,,1973-02-25,57
1248,Milan,Baroš,,1981-10-28,48
717,Antonio,Barragán Fernández,Antonio Barragán,1987-06-12,168
706,David,Barral Torres,David Barral,1983-05-10,168
379,Madou,Barrow,,1992-10-13,67
144,Gareth,Barry,,1981-02-23,57
981,Gareth,Barry,,1981-02-23,57
1044,Chris,Bart-Williams,,1974-06-16,57
1255,Fabien,Barthez,,1971-06-28,65
365,Kyle,Bartley,,1991-05-22,57
492,Joey,Barton,,1982-09-02,57
1300,Warren,Barton,,1969-03-19,57
763,Marc,Bartra Aregall,Marc Bartra,1991-01-15,168
1301,Christian,Bassedas,,1973-02-16,9
528,António Alberto,Bastos Pimparel,Beto,1982-05-01,144
1178,David,Batty,,1968-12-02,57
1337,James,Beattie,,1978-02-27,57
1267,David,Beckham,,1975-05-02,57
481,Asmir,Begović,,1987-06-20,25
1367,David,Bellion,,1982-11-27,65
285,Hatem,Ben Arfa,,1987-03-07,65
1328,Francis,Benali,,1968-12-30,57
1210,Trevor,Benjamin,,1979-02-08,89
39,Joe,Bennett,,1990-03-28,57
52,Darren,Bent,,1984-02-06,57
1160,Marcus,Bent,,1978-05-19,57
392,Nabil,Bentaleb,,1994-11-24,3
42,Christian,Benteke,,1990-12-03,198
707,Karim,Benzema,,1987-12-19,65
412,Saido,Berahino,,1993-08-04,57
1279,Marlon,Beresford,,1969-09-02,57
991,Henning,Berg,,1969-09-01,134
585,Alejandro,Bergantiños García,Álex Bergantiños,1985-06-07,168
712,Markel,Bergara Larrañaga,Markel Bergara,1986-05-05,168
1232,Patrik,Berger,,1973-11-10,65
940,Dennis,Bergkamp,,1969-05-10,53
1009,Guðni,Bergsson,,1965-07-21,80
737,Saúl,Berjón Pérez,Saúl Berjón,1986-05-24,168
1318,Olivier,Bernard,,1979-10-14,65
83,Ryan,Bertrand,,1989-08-05,57
133,Muhamed,Besic,,1992-09-10,69
389,José Paulo,Bezerra Maciel Júnior,Paulinho,1988-07-25,27
950,Laureano,Bisan-Etame Mayer,Lauren,1977-01-19,34
1239,Igor,Bišćan,,1978-05-04,45
992,Stig Inge,Bjørnebye,,1969-12-11,134
257,Tyler,Blackett,,1994-04-02,57
1251,Laurent,Blanc,,1965-11-19,65
431,Sebastián Marcelo,Blanco,Sebastián Blanco,1988-03-15,9
535,Rubén,Blanco Veiga,Rubén Blanco,1995-07-25,168
261,Daley,Blind,,1990-03-09,53
1116,Jesper,Blomqvist,,1974-02-05,173
1147,Luis,Boa Morte,,1977-08-04,144
568,Derek,Boateng,,1983-05-02,70
973,George,Boateng,,1975-09-05,53
1102,Paul,Boertien,,1979-01-20,57
764,Etienne Arthur,Boka,Arthur Boka,1983-04-02,88
1280,Alen,Bokšić,,1970-01-21,45
122,Yannick,Bolasie,,1989-05-24,65
374,Wilfried,Bony,,1988-12-10,88
85,Willian,Borges da Silva,Willian,1988-08-09,27
215,Fabio,Borini,,1991-03-29,87
331,Artur,Boruc,,1980-02-20,143
1064,Mark,Bosnich,,1972-01-13,11
728,Iago,Bouzón Amoedo,Iago Bouzón,1983-03-16,168
565,Eneko,Bóveda Altube,Eneko Bóveda,1988-12-14,168
1187,Lee,Bowyer,,1977-01-03,57
247,Dedryck,Boyata,,1990-11-28,19
77,George,Boyd,,1985-10-02,155
162,Robbie,Brady,,1992-01-14,85
1082,Bjørn Otto,Bragstad,,1971-01-05,134
1167,Titus,Bramble,,1981-07-31,57
1150,Keith,Branagan,,1966-07-10,85
525,Claudio Andrés,Bravo Muñoz,Claudio Bravo,1983-04-13,39
1128,Rufus,Brevett,,1969-09-24,57
337,Liam,Bridcutt,,1989-05-08,155
1341,Wayne,Bridge,,1980-08-05,57
1191,Michael,Bridges,,1978-08-05,57
372,Leon,Britton,,1982-09-16,57
354,Wes,Brown,,1979-10-13,57
1176,Wayne,Brown,,1977-08-20,57
159,Alex,Bruce,,1984-09-28,57
407,Chris,Brunt,,1984-12-14,133
349,William,Buckley,,1988-08-12,57
817,Alberto,Bueno Calvo,Alberto Bueno,1988-03-20,168
1387,Goran,Bunjevčević,,1973-02-17,157
876,Diego Mario,Buonanotte Rende,Diego Buonanotte,1988-04-19,9
1083,Craig,Burley,,1971-09-24,155
1088,Deon,Burton,,1976-10-25,89
715,Unai,Bustinza Martínez,Unai Bustinza,1992-01-02,168
479,Jack,Butland,,1993-03-10,57
1261,Nicky,Butt,,1975-01-21,57
1419,Stephen,Bywater,,1981-06-07,57
255,Willy,Caballero,,1981-09-28,9
871,Carlos,Caballero Pérez,Carlos Caballero,1984-10-05,168
286,Rémy,Cabella,,1990-03-08,65
688,Gustavo Daniel,Cabral,Cabral,1985-10-14,9
82,Gary,Cahill,,1985-12-19,57
701,Felipe Salvador,Caicedo Corozo,Felipe Caicedo,1988-09-05,55
663,Ignacio,Camacho Barnola,Ignacio Camacho,1990-05-04,168
1408,Titi,Camara,,1972-11-17,74
731,Víctor,Camarasa Ferrando,Víctor Camarasa,1994-05-28,168
187,Esteban,Cambiasso,,1980-08-18,9
464,Geoff,Cameron,,1985-07-11,4
571,Eduard,Campabadal Clarós,Eduard Campabadal,1993-01-26,168
9,Joel,Campbell,,1992-06-26,44
105,Fraizer,Campbell,,1987-09-13,57
944,Sol,Campbell,,1974-09-18,57
1105,Kevin,Campbell,,1970-02-04,57
217,Emre,Can,,1994-01-12,69
912,Sergio,Canales Madrazo,Sergio Canales,1991-02-16,168
617,José Alberto,Cañas Ruiz-Herrera,José Cañas,1987-05-27,168
831,Ander,Capa Rodríguez,Ander Capa,1992-02-08,168
393,Étienne,Capoue,,1988-07-11,65
1087,Haracio,Carbonari,,1974-05-02,9
837,Tiago,Cardoso Mendes,Tiago,1981-05-02,144
852,Sergi Roberto,Carnicer,Sergi Roberto,1992-02-07,168
1391,Stephen,Carr,,1976-08-29,85
1241,Jamie,Carragher,,1978-01-28,57
259,Michael,Carrick,,1981-07-28,57
810,Leonardo,Carrilho Baptistão,Léo Baptistão,1992-08-26,27
450,Andy,Carroll,,1989-01-06,57
1264,Roy,Carroll,,1977-09-30,133
1117,Lee,Carsley,,1974-02-28,85
853,Federico Nicolás,Cartabia,Federico Cartabia,1993-01-20,9
566,Dani,Carvajal,,1992-01-11,168
920,Víctor Manuel,Casadesús Castaño,Víctor Casadesús,1985-02-28,168
798,José Manuel,Casado Bizcocho,José Manuel Casado,1986-08-09,168
530,Francisco,Casilla Cortés,Kiko Casilla,1986-10-02,168
556,Iker,Casillas,Iker Casillas,1981-05-20,168
649,Manuel,Castellano Castro,Lillo,1989-03-27,168
692,Samuel,Castillejo Azuaga,Samu Castillejo,1995-01-18,168
908,Diego,Castro Giménez,Diego Castro,1982-07-02,168
910,Gonzalo,Castro Irizábal,Chory Castro,1984-09-14,189
637,Jonathan,Castro Otto,Jonny,1994-03-03,168
343,Lee,Cattermole,,1988-03-21,57
501,Steven,Caulker,,1991-12-29,57
17,Santi,Cazorla,,1984-12-13,168
100,Petr,Čech,,1982-05-20,48
847,Alessio,Cerci,,1987-07-23,87
387,Nacer,Chadli,,1989-08-02,19
120,Marouane,Chamakh,,1984-01-10,65
1,Calum,Chambers,,1995-01-20,57
1020,Simon,Charlton,,1971-10-25,57
856,Fidel,Chaves de la Torre,Fidel,1989-10-27,168
838,Denis,Cheryshev,,1990-12-26,147
156,James,Chester,,1989-01-23,194
380,Vlad,Chiricheș,,1989-11-14,146
1322,Michael,Chopra,,1983-12-23,57
1093,Malcolm,Christie,,1979-04-11,57
74,Alex,Cisak,,1989-05-19,11
602,Domingo,Cisma González,Domingo Cisma,1982-02-09,168
303,Papiss Demba,Cissé,Papiss Cissé,1985-06-03,156
47,Aly,Cissokho,,1987-09-15,65
1163,Jamie,Clapham,,1975-12-07,57
49,Ciaran,Clark,,1989-09-26,85
1137,Lee,Clark,,1972-10-27,57
1392,Stephen,Clemence,,1978-03-31,57
609,Carlos,Clerc Martínez,Carlos Clerc,1992-02-21,168
262,Tom,Cleverley,,1989-08-12,57
233,Gaël,Clichy,,1985-07-26,65
325,Nathaniel,Clyne,,1991-04-05,57
544,David,Cobeño Iglesias,David Cobeño,1982-04-06,168
532,Jordi,Codina Rodríguez,Jordi Codina,1982-04-27,168
294,Jack,Colback,,1989-10-24,57
46,Joe,Cole,,1981-11-08,57
445,Carlton,Cole,,1983-10-12,57
957,Ashley,Cole,,1980-12-20,57
1254,Andy,Cole,,1971-10-15,57
139,Séamus,Coleman,,1988-10-11,85
1132,Chris,Coleman,,1970-06-10,194
1130,John,Collins,,1968-01-31,155
293,Fabricio,Coloccini,,1982-01-22,9
661,Diego Daniel,Colotto,Diego Colotto,1981-03-10,168
740,Mateus Alberto,Contreiras Gonçalves,Manucho,1983-03-07,6
5,Francis,Coquelin,,1991-05-13,65
738,Jhon,Córdoba,,1993-05-11,41
315,Jack,Cork,,1989-06-25,57
376,David,Cornell,,1991-03-28,194
840,Ferran,Corominas Telechea,Coro,1983-01-05,168
787,Luís Carlos,Correia Pinto,Luisinho,1985-05-05,144
1312,Carl,Cort,,1977-11-01,57
749,Jaume Vicent,Costa Jordá,Jaume Costa,1988-03-18,168
631,David,Costas Cordal,David Costas,1995-03-26,168
1165,Pablo,Couñago,,1979-08-09,168
101,Thibaut,Courtois,,1992-05-11,19
540,Agustín Sebastián,Cousillas,Agustín Cousillas,1990-04-19,9
216,Philippe,Coutinho,,1992-06-12,27
1358,Jody,Craddock,,1975-07-25,57
447,Aaron,Cresswell,,1989-12-15,57
768,Sebastián Carlos,Cristóforo Pepe,Sebastián Cristóforo,1993-08-23,189
1172,Gary,Croft,,1974-02-17,57
1278,Mark,Crossley,,1969-06-16,194
477,Peter,Crouch,,1981-01-30,57
877,Jorge Sammir,Cruz Campos,Sammir,1987-04-23,45
1065,Carlo,Cudicini,,1973-09-06,87
815,Joan Isaac,Cuenca López,Isaac Cuenca,1991-04-27,168
551,Julián,Cuesta Díaz,Julián Cuesta,1991-03-28,168
1003,John,Curtis,,1978-09-03,57
863,Ricardo Jorge,da Luz Horta,Ricardo Horta,1994-09-15,144
682,Fábio Alexandre,da Silva Coentrão,Fábio Coentrão,1988-03-11,144
98,Diego,da Silva Costa,Diego Costa,1988-10-07,168
777,Marcelo Vieira,da Silva Júnior,Marcelo,1988-05-12,27
670,João Pedro,da Silva Pereira,João Pereira,1984-02-25,144
897,Neymar,da Silva Santos Júnior,Neymar,1992-02-05,27
1305,Nikos,Dabizas,,1973-08-03,71
1184,Olivier,Dacourt,,1974-09-25,65
1409,Christian,Dailly,,1973-10-23,155
1078,Samuele,Dalla Bona,,1981-02-06,87
426,Luke,Daniels,,1988-01-05,57
121,Scott,Dann,,1987-02-14,57
775,Sergi,Darder Moll,Sergi Darder,1993-12-22,168
955,Eduardo César,Daude Gaspar,Edu,1978-05-15,27
411,Jason,Davidson,,1991-06-29,11
1220,Callum,Davidson,,1976-06-25,155
164,Curtis,Davies,,1985-03-15,57
382,Ben,Davies,,1993-04-24,194
1335,Kevin,Davies,,1977-03-26,57
1394,Simon,Davies,,1979-10-23,194
312,Steven,Davis,,1985-01-01,130
329,Kelvin,Davis,,1976-09-29,57
1145,Sean,Davis,,1979-09-20,57
413,Craig,Dawson,,1990-05-06,57
689,Gabriel Armando,de Abreu,Gabriel Paulista,1990-11-26,27
260,Anderson Luís,de Abreu Oliveira,Anderson,1988-04-13,27
283,David,de Gea,,1990-11-07,168
1058,Ed,De Goey,,1966-12-20,87
290,Siem,de Jong,,1989-01-28,174
754,Alberto,de la Bella Madueño,Alberto de la Bella,1985-12-02,168
193,Ritchie,De Laet,,1988-11-28,19
806,Óscar,de Marcos Arana,Óscar de Marcos,1989-04-14,168
870,Rodrigo Javier,De Paul,Rodrigo De Paul,1994-05-24,9
782,Clecildo Rafael Martins,de Souza Ladislau,Rafael Martins,1989-03-17,27
1201,Brian,Deane,,1968-02-07,57
1281,Mickaël,Debève,,1970-12-01,65
19,Mathieu,Debuchy,,1985-07-29,65
1423,Jermain,Defoe,,1982-10-07,57
113,Damien,Delaney,,1981-07-20,85
972,Mark,Delaney,,1976-05-13,194
1331,Rory,Delap,,1976-07-06,85
1330,Agustín,Delgado,,1974-12-23,55
614,Luis Eduardo,Delgado Pacheco,Luso,1984-12-04,168
41,Fabian,Delph,,1989-11-21,57
401,Mousa,Dembélé,,1987-07-16,19
437,Guy,Demel,,1981-06-13,65
249,Martín,Demichelis,,1980-12-20,9
1060,Marcel,Desailly,,1968-09-07,65
857,Gerard,Deulofeu Lázaro,Gerard Deulofeu,1994-03-13,168
1406,Paolo,Di Canio,,1968-07-09,87
278,Ángel,Di María,,1988-02-14,9
1062,Roberto,Di Matteo,,1970-05-29,87
24,Abou,Diaby,,1986-05-11,65
552,Modibo,Diakité,,1987-03-02,65
175,Mohamed,Diamé,,1987-06-14,65
601,Charles,Dias de Oliveira,Charles,1984-04-04,27
1203,Paul,Dickov,,1972-11-01,155
383,Eric,Dier,,1994-01-15,57
1229,Bernard,Diomède,,1974-01-23,65
747,Papakouli,Diop,,1986-03-19,156
474,Mame Biram,Diouf,,1987-12-16,156
143,Sylvain,Distin,,1977-12-16,65
938,Lee,Dixon,,1964-03-17,57
1012,Youri,Djorkaeff,,1968-03-09,65
476,Dionatan,do Nascimento Teixeira,Dionatan,1992-07-24,27
114,Stephen,Dobbie,,1982-12-05,155
1343,Jason,Dodd,,1970-11-02,57
1393,Gary,Doherty,,1980-01-31,85
734,Juan,Domínguez Lamas,Juan Domínguez,1990-01-08,168
579,José Antonio,Dorado Ramírez,Chechu Dorado,1982-07-10,168
409,Graham,Dorrans,,1987-05-05,155
78,Oscar,dos Santos,Oscar,1991-09-09,27
576,Mauro Javier,dos Santos,Mauro dos Santos,1989-07-07,9
868,Giovani,dos Santos Ramirez,Giovani,1989-05-11,117
770,Jonathan,dos Santos Ramírez,Jonathan dos Santos,1990-04-26,117
440,Stewart,Downing,,1984-07-22,57
1344,Mark,Draper,,1970-11-11,57
191,Danny,Drinkwater,,1990-03-05,57
96,Didier,Drogba,,1978-11-03,88
680,Rubén,Duarte Sánchez,Rubén Duarte,1995-10-18,168
757,Sebastián Rakán,Dubarbier Bruschini,Sebastián Dubarbier,1986-02-19,9
1181,Michael,Duberry,,1975-10-14,57
965,Dion,Dublin,,1969-04-22,57
1230,Jerzy,Dudek,,1973-03-23,143
66,Michael,Duff,,1979-01-11,57
1004,Damien,Duff,,1979-03-02,85
308,Paul,Dummett,,1991-09-26,194
1006,David,Dunn,,1979-12-27,57
491,Richard,Dunne,,1979-09-21,85
369,Nathan,Dyer,,1987-11-29,57
1317,Kieron,Dyer,,1978-12-29,57
251,Edin,Džeko,,1986-03-17,25
1209,Darren,Eadie,,1975-06-10,57
1282,Ugo,Ehiogu,,1972-11-03,57
488,Max,Ehmer,,1992-02-03,69
591,Patrick,Ekeng,,1990-03-26,34
605,Borja,Ekiza Imaz,Borja Ekiza,1988-03-06,168
604,Issam,El Adoua,,1986-09-12,122
1326,Tahar,El Khalej,,1968-06-16,122
861,Nabil,El Zhar,,1986-08-27,122
809,Youseff,El-Arabi,,1987-02-03,122
1304,Marcelino,Elena Sierra,Marcelino,1971-12-14,27
305,Rob,Elliot,,1986-04-30,57
1101,Steve,Elliott,,1978-10-29,85
1215,Matt,Elliott,,1968-11-01,155
1306,Robbie,Elliott,,1973-12-25,57
170,Ahmed,Elmohamady,,1987-09-09,56
574,Aritz,Elustondo Irribarria,Aritz Elustondo,1994-03-28,168
756,Gorka,Elustondo Urkola,Gorka Elustondo,1987-03-18,168
833,Adrián,Embarba Blázquez,Adri Embarba,1992-05-07,168
375,Marvin,Emnes,,1988-05-27,65
975,Peter,Enckelman,,1977-03-10,64
400,Christian,Eriksen,,1992-02-14,49
558,Jon,Errasti Zabalete,Jon Errasti,1988-06-06,168
803,Sergio,Escudero Palomo,Sergio Escudero,1989-09-02,168
851,Javier,Espinosa González,Javier Espinosa,1992-09-19,168
750,Daniel,Estrada Agirrezabalaga,Dani Estrada,1987-01-03,168
1398,Matthew,Etherington,,1981-08-14,57
153,Samuel,Eto'o,,1981-03-10,34
931,Beñat,Etxebarria Urkiaga,Beñat,1987-02-19,168
709,Xabier,Etxeita Gorritxategi,Xabier Etxeita,1987-10-31,168
1050,Jason,Euell,,1977-02-06,89
277,Jonny,Evans,,1988-01-03,133
1091,Ian,Evatt,,1981-11-19,57
378,Łukasz,Fabiański,,1985-04-18,143
94,Francesc,Fàbregas Soler,Cesc Fàbregas,1987-05-04,168
867,Fayçal,Fajr,,1988-08-01,65
1027,Gareth,Farrelly,,1975-08-28,133
485,Alejandro,Faurlín,,1986-09-08,9
405,Federico,Fazio,,1987-03-17,9
846,Sofiane,Feghouli,,1989-12-26,3
269,Marouane,Fellaini,,1987-11-22,19
502,Rio,Ferdinand,,1978-11-07,57
1373,Les,Ferdinand,,1966-12-08,57
1106,Duncan,Ferguson,,1971-12-27,155
545,Roberto,Fernández Alvarellos,Roberto,1979-01-25,168
869,Gabriel,Fernández Arenas,Gabi,1983-07-10,168
514,Jesús,Fernández Collado,Jesús Fernández,1988-06-11,168
583,Borja,Fernández Fernández,Borja Fernández,1995-08-16,168
615,Borja,Fernández Fernández,Borja Fernández,1981-01-14,168
780,Guillermo,Fernández Hierro,Guillermo,1993-05-23,168
627,José Ignacio,Fernández Iglesias,Nacho,1990-01-18,168
887,Alejandro,Fernández Iglesias,Álex Fernández,1992-10-15,168
1340,Daniel,Ferreira Rodrigues,Dani Rodrigues,1980-03-03,144
1059,Albert,Ferrer,,1970-06-06,168
1276,Gianluca,Festa,,1969-03-15,87
165,Maynor,Figueroa,,1983-05-02,77
1141,Steve,Finnan,,1976-04-24,85
794,Alfreð,Finnbogason,,1989-02-01,80
1043,Mark,Fish,,1974-03-14,165
14,Mathieu,Flamini,,1984-03-07,65
206,Jon,Flanagan,,1993-01-01,57
268,Darren,Fletcher,,1984-02-01,155
345,Steven,Fletcher,,1987-03-26,155
995,Garry,Flitcroft,,1972-11-06,57
1200,Tim,Flowers,,1967-02-03,57
658,Andreu,Fontàs i Prat,Andreu Fontàs,1989-11-14,168
320,José,Fonte,José Fonte,1983-12-22,144
1273,Diego,Forlán,,1979-05-19,189
1400,Craig,Forrest,,1967-09-20,35
1074,Mikael,Forssell,,1981-03-15,64
332,Fraser,Forster,,1988-03-17,57
1053,Jonathan,Fortune,,1980-08-23,57
1263,Quinton,Fortune,,1977-05-21,165
423,Ben,Foster,,1983-04-03,57
650,Dimitri,Foulquier,,1993-03-23,65
1236,Robbie,Fowler,,1975-04-09,57
1417,Hayden,Foxe,,1977-06-23,11
238,Fernando,Francisco Reges,Fernando,1987-07-25,27
1018,Per,Frandsen,,1970-02-06,49
1376,Steffen,Freund,,1970-01-19,69
403,Brad,Friedel,,1971-05-18,4
103,Zeki,Fryers,,1992-09-09,57
679,Javier,Fuego Martínez,Javi Fuego,1984-01-04,168
759,Juan Rafael,Fuentes Hernández,Juan Fuentes,1990-01-05,168
1166,Thomas,Gaardsøe,,1979-11-23,49
311,Sam,Gallagher,,1995-09-15,57
1071,William,Gallas,,1977-08-17,65
410,Cristian,Gamboa,,1989-10-24,44
885,Kévin,Gameiro,,1987-05-09,65
676,Jesús,Gámez Duarte,Jesús Gámez,1985-04-10,168
1420,Richard,Garcia,,1981-09-04,11
572,Antonio,García Aranda,Toño,1989-11-07,168
843,Daniel,García Carrillo,Dani García,1990-05-24,168
907,Sergio,García de la Fuente,Sergio García,1983-06-09,168
748,José Luis,García del Pozo,Recio,1991-01-11,168
675,Manuel Pablo,García Díaz,Manuel Pablo,1976-01-25,168
924,Raúl,García Escudero,Raúl García,1986-07-11,168
241,Francisco Javier,García Fernández,Javi García,1987-02-08,168
752,Juan Francisco,García García,Juanfran,1976-07-15,168
597,Jorge,García Morcillo,Jorge Morcillo,1986-03-11,168
690,Miguel Ángel,García Pérez-Roldán,Corona,1981-02-12,168
641,José Antonio,García Rabasco,Verza,1986-09-29,168
741,Samuel,García Sánchez,Samu García,1990-07-13,168
816,Rubén,García Santos,Rubén García,1993-07-14,168
38,Gary,Gardner,,1992-06-29,57
425,Craig,Gardner,,1986-11-25,57
1028,Ricardo,Gardner,,1978-09-25,89
1396,Anthony,Gardner,,1980-09-19,57
323,Florin,Gardoș,,1988-10-29,146
428,Bradley,Garmston,,1994-01-18,57
126,Owen,Garvan,,1988-01-29,85
726,Mario,Gaspar Pérez Martínez,Mario Gaspar,1990-11-24,168
1323,Diego,Gavilán,,1980-03-01,141
830,Jaime,Gavilán Martínez,Jaime Gavilán,1985-05-12,168
1296,Jason,Gavin,,1980-03-14,85
592,José Luis,Gayà Peña,José Gayà,1995-05-25,168
106,Dwight,Gayle,,1990-10-20,57
746,Jon,Gaztañaga Arrospide,Jon Gaztañaga,1991-06-28,168
330,Paulo,Gazzaniga,,1992-01-02,9
1114,Scot,Gemmill,,1971-01-02,155
1152,Finidi,George,,1971-04-15,130
226,Steven,Gerrard,,1980-05-30,57
1112,Paul,Gerrard,,1973-01-22,57
346,Emanuele,Giaccherini,,1985-05-05,87
20,Kieran,Gibbs,,1989-09-26,57
138,Darron,Gibson,,1987-10-25,133
1265,Ryan,Giggs,,1973-11-29,194
894,Carles,Gil de Pareja Vicent,Carles Gil,1992-11-22,168
767,Cristóbal,Gil Martín,Cristóbal,1992-02-05,168
75,Matt,Gilks,,1982-06-04,57
997,Keith,Gillespie,,1975-02-18,133
828,Álvaro,Giménez Candela,Álvaro Giménez,1991-05-19,168
753,José María,Giménez de Vargas,José Giménez,1995-01-20,189
963,David,Ginola,,1967-01-25,65
4,Olivier,Giroud,,1986-09-30,65
54,Shay,Given,,1976-04-20,85
560,Diego Roberto,Godín Leal,Diego Godín,1986-02-16,189
1131,Bjarne,Goldbæk,,1968-10-06,49
1136,Alain,Goma,,1972-10-05,65
659,Diogo José Rosário,Gomes Figueiras,Diogo Figueiras,1991-07-01,144
340,Jordi,Gómez,,1985-05-24,168
854,Moisés,Gómez Bordonado,Moi Gómez,1994-06-23,168
771,Abel,Gómez Moreno,Abel Gómez,1982-02-20,168
886,Ibai,Gómez Pérez,Ibai,1989-11-11,168
608,Sergi,Gómez Solà,Sergi Gómez,1992-03-28,168
367,Bafetimbi,Gomis,,1985-08-06,65
765,Abraham,González Casanova,Abraham González,1985-07-16,168
600,Enrique,González Casín,Quique González,1990-05-16,168
729,Mikel,González de Martín Martínez,Mikel González,1985-09-24,168
844,Adrián,González Morales,Adrián González,1988-05-25,168
662,Álvaro,González Soberón,Álvaro González,1990-01-08,168
1286,Dean,Gordon,,1973-02-10,57
296,Yoan,Gouffran,,1986-05-25,65
998,Corrado,Grabbi,,1975-07-29,87
352,Danny,Graham,,1985-08-12,57
921,Esteban Félix,Granero Molina,Esteban Granero,1987-07-02,168
1121,Thomas,Gravesen,,1976-03-11,49
1357,Michael,Gray,,1974-08-03,57
37,Jack,Grealish,,1995-09-10,85
504,Robert,Green,,1980-01-18,57
1294,Jonathan,Greening,,1979-01-02,57
1100,François,Grenet,,1975-03-08,65
742,Antoine,Griezmann,,1991-03-21,65
1313,Andy,Griffin,,1979-03-17,57
941,Gilles,Grimandi,,1970-11-11,65
1069,Jesper,Grønkjær,,1977-08-12,49
511,Vicente,Guaita Panadero,Vicente Guaita,1987-01-10,168
791,José Andrés,Guardado Hernández,Andrés Guardado,1986-09-28,117
1073,Eiður,Guðjohnsen,,1978-09-15,80
109,Adlène,Guedioura,,1985-11-12,3
720,Carlos,Gurpegi,,1980-08-19,168
304,Jonás Manuel,Gutiérrez,Jonás Gutiérrez,1983-07-05,9
53,Brad,Guzan,,1984-09-09,4
1372,Bernt,Haas,,1978-04-08,174
959,Kolo,Habib Touré,Kolo Touré,1981-03-19,88
969,Mustapha,Hadji,,1971-11-16,122
1134,Marcus,Hahnemann,,1972-06-15,4
288,Massadio,Haïdara,,1992-12-02,65
1228,Dietmar,Hamann,,1973-08-27,69
200,Ben,Hamer,,1987-11-20,57
197,Dean,Hammond,,1983-03-07,57
1144,Elvis,Hammond,,1980-10-06,70
115,Brede,Hangeland,,1981-06-20,134
1021,Bo,Hansen,,1972-06-16,49
1143,Jon,Harley,,1979-09-26,57
174,Steve,Harper,,1975-03-14,57
487,Michael,Harriman,,1992-10-23,85
256,Joe,Hart,,1987-04-19,57
1188,Ian,Harte,,1977-08-31,85
1066,Jimmy Floyd,Hasselbaink,,1972-03-27,53
567,Mike,Havenaar,,1987-05-20,90
10,Isaac,Hayden,,1995-03-22,57
1133,Barry,Hayles,,1972-04-17,89
95,Eden,Hazard,,1991-01-07,19
76,Tom,Heaton,,1986-04-15,57
784,Tomer,Hemed,,1987-05-02,86
1234,Stéphane,Henchoz,,1974-09-07,174
223,Jordan,Henderson,,1990-06-17,57
976,Lee,Hendrie,,1977-05-18,57
1011,Colin,Hendry,,1965-12-07,155
128,Wayne,Hennessey,,1987-01-24,194
484,Karl,Henry,,1982-11-26,57
951,Thierry,Henry,,1977-08-17,65
176,Abel,Hernández,,1990-08-08,189
275,Javier,Hernández,Chicarito,1988-06-01,117
790,Pedro Pablo,Hernández,,1986-10-24,39
918,Xavier,Hernández i Creus,Xavi,1980-01-25,168
264,Ander,Herrera Agüera,Ander Herrera,1989-08-14,168
827,Cristian Ignacio,Herrera López,Cristian Herrera,1991-03-13,168
547,Manuel,Herrera Yagüe,Manu Herrera,1981-09-29,168
536,Iago,Herrerín Buisán,Iago Herrerín,1988-01-25,168
776,Miguel Alfonso,Herrero Javaloyas,Míchel,1988-07-29,168
1238,Emile,Heskey,,1978-01-11,57
142,Tony,Hibbert,,1981-02-20,57
1090,Danny,Higginbotham,,1978-12-29,57
993,Craig,Hignett,,1970-01-12,57
490,Clint,Hill,,1978-10-19,57
1407,Shaka,Hislop,,1969-02-22,180
983,Thomas,Hitzlsperger,,1982-04-05,69
500,Junior,Hoilett,,1990-06-05,35
1030,Dean,Holden,,1979-09-15,57
1015,Dean,Holdsworth,,1968-11-08,57
1157,Matt,Holland,,1974-04-11,85
396,Lewis,Holtby,,1990-09-18,69
319,Jos,Hooiveld,,1983-04-22,53
178,Tom,Hopper,,1993-12-14,57
152,Tim,Howard,,1979-03-06,4
1158,Hermann,Hreiðarsson,,1974-07-11,80
167,Tom,Huddlestone,,1986-12-28,57
986,Mark,Hughes,,1963-11-01,194
1319,Aaron,Hughes,,1979-11-08,57
1032,Nicky,Hunt,,1983-09-03,57
1404,Don,Hutchison,,1971-05-09,155
470,Robert,Huth,,1984-08-18,69
44,Alan,Hutton,,1984-11-30,57
1231,Sami,Hyypiä,,1973-10-07,64
594,Charlie,I'Anson,,1993-07-01,57
873,Roberto,Ibáñez Castro,Robert Ibáñez,1993-03-22,168
778,Vicente,Iborra de la Fuente,Vicente Iborra,1988-01-16,168
408,Brown,Ideye,,1988-10-10,130
1041,Saša,Ilić,,1972-07-18,157
772,Asier,Illarramendi,,1990-03-08,168
1217,Andrew,Impey,,1971-09-30,57
952,Junichi,Inamoto,,1979-09-18,90
154,Tom,Ince,,1992-01-30,57
1274,Paul,Ince,,1967-10-21,57
62,Danny,Ings,,1992-07-23,57
884,Andrés,Iniesta,,1984-05-11,168
653,Pablo,Insua Blanco,Pablo Insua,1993-09-09,168
796,Emiliano Adrián,Insúa Zapata,Emiliano Insúa,1989-01-07,9
537,Gorka,Iraizoz Moreno,Gorka Iraizoz,1981-03-06,168
660,Andoni,Iraola,,1982-06-22,168
534,Jon,Irazustabarrena Lizarralde,Txusta,1986-04-30,168
461,Stephen,Ireland,,1986-08-22,85
1421,Izzy,Iriekpen,,1982-05-14,57
508,Xabier,Iruretagoiena Arantzamendi,Xabi Irureta,1986-03-21,168
1250,Denis,Irwin,,1965-10-31,85
678,Manuel Rolando,Iturra Urrutia,Manuel Iturra,1984-06-23,39
713,Ander,Iturraspe Derteano,Ander Iturraspe,1989-03-08,168
81,Branislav,Ivanović,,1984-02-22,157
927,Andreas,Ivanschitz,,1983-10-15,12
1390,Steffen,Iversen,,1976-11-10,134
1208,Muzzy,Izzet,,1974-10-31,184
452,Jussi,Jääskeläinen,,1975-04-19,64
1097,Richard,Jackson,,1980-04-18,57
150,Phil,Jagielka,,1982-08-17,57
172,Eldin,Jakupović,,1984-10-02,174
198,Matty,James,,1991-07-23,57
1402,David,James,,1970-08-01,57
301,Daryl,Janmaat,,1989-07-22,53
999,Matt,Jansen,,1977-10-20,57
267,Adnan,Januzaj,,1995-02-05,19
442,Matt,Jarvis,,1986-05-22,57
117,Mile,Jedinak,,1984-08-03,11
958,Francis,Jeffers,,1981-01-25,57
158,Nikica,Jelavić,,1985-08-27,45
494,Jermaine,Jenas,,1983-02-18,57
11,Carl,Jenkinson,,1992-02-08,57
1051,Claus,Jensen,,1977-04-29,49
818,Juan Miguel,Jiménez López,Juanmi,1993-05-20,168
523,Jaime,Jiménez Merlo,Jaime Jiménez,1980-12-10,168
687,José Manuel,Jiménez Ortiz,Mané,1981-12-21,168
786,Raúl Alonso,Jiménez Rodríguez,Raúl Jiménez,1991-05-05,117
673,Francisco,Jiménez Tejada,Xisco,1986-06-28,168
1293,Joseph-Désiré,Job,,1977-12-01,34
1007,Nils-Eric,Johansson,,1980-01-13,173
1048,Jonatan,Johansson,,1975-08-16,64
1252,Ronny,Johnsen,,1969-07-10,134
211,Glen,Johnson,,1984-08-23,57
344,Adam,Johnson,,1987-07-14,57
1031,Jermaine,Johnson,,1980-06-25,89
1193,Seth,Johnson,,1979-03-12,57
1287,Allan,Johnston,,1973-12-14,155
1056,Slaviša,Jokanović,,1968-08-16,157
745,Bojan,Jokić,,1986-05-17,162
64,David,Jones,,1984-11-04,57
228,Brad,Jones,,1982-03-19,11
271,Phil,Jones,,1992-02-21,57
353,Billy,Jones,,1987-03-24,57
1211,Matt,Jones,,1980-09-01,57
800,Joan,Jordán Moreno,Joan Jordán,1994-07-06,168
899,Jordi,Jordi Xumetra,Jordi Xumetra,1985-10-24,168
243,Stevan,Jovetić,,1989-11-02,121
59,Lukas,Jutkiewicz,,1989-03-28,57
386,Younès,Kaboul,,1986-01-04,65
970,Hassan,Kachloul,,1973-02-19,122
542,Idriss Carlos,Kameni,Carlos Kameni,1984-02-18,34
384,Harry,Kane,,1993-07-28,57
1418,Frédéric,Kanouté,,1977-09-02,65
949,Nwankwo,Kanu,,1976-08-01,130
636,Nikolaos,Karabelas,,1984-12-20,71
88,Filipe Luís,Kasmirski,Filipe Luís,1985-08-09,27
1198,Robbie,Keane,,1980-07-08,85
1256,Roy,Keane,,1971-08-10,85
110,Jimmy,Kébé,,1984-01-19,65
1375,Kasey,Keller,,1969-11-29,4
123,Martin,Kelly,,1990-04-27,57
988,Alan,Kelly,,1968-08-11,85
1183,Gary,Kelly,,1974-07-09,85
936,Martin,Keown,,1966-07-24,57
994,Tugay,Kerimoğlu,Tugay,1970-08-24,184
1192,Harry,Kewell,,1978-09-22,11
735,Sami,Khedira,,1987-04-04,69
1034,Dean,Kiely,,1970-10-10,85
58,Michael,Kightly,,1986-01-24,57
1361,Kevin,Kilbane,,1977-02-01,85
199,Andy,King,,1988-10-29,194
1397,Ledley,King,,1980-10-12,57
358,Stephen,Kingsley,,1994-07-23,155
1085,Georgi,Kinkladze,,1973-07-06,68
1038,Mark,Kinsella,,1972-08-12,85
1246,Chris,Kirkland,,1981-05-02,57
1045,Radostin,Kishishev,,1974-07-30,29
1403,Paul,Kitson,,1971-01-09,57
1146,Zat,Knight,,1980-05-02,57
184,Anthony,Knockaert,,1991-11-20,65
239,Aleksandar,Kolarov,,1985-11-10,157
611,Timothée,Kolodziejczak,,1991-10-01,65
236,Vincent,Kompany,,1986-04-10,19
194,Paul,Konchesky,,1981-05-15,57
131,Arouna,Koné,,1983-11-11,88
15,Laurent,Koscielny,,1985-09-10,65
448,Cheikhou,Kouyaté,,1989-12-21,156
29,Libor,Kozák,,1989-05-30,48
468,Bojan,Krkic,,1990-08-28,168
917,Michael,Krohn-Dehli,,1983-07-06,49
807,Toni,Kroos,,1990-01-04,69
307,Tim,Krul,,1988-04-03,53
668,Grzegorz,Krychowiak,,1990-01-29,143
1366,Kevin,Kyle,,1981-06-07,155
1414,Vladimír,Labant,,1974-06-08,161
72,Daniel,Lafferty,,1989-04-01,133
895,Ángel Imanol,Lafita Castillo,Ángel Lafita,1984-08-07,168
724,Roberto,Lago Soto,Roberto Lago,1985-08-30,168
213,Adam,Lallana,,1988-05-10,57
209,Rickie,Lambert,,1982-02-16,57
385,Érik,Lamela,,1992-03-04,9
1072,Frank,Lampard,,1978-06-20,57
900,Manuel,Lanzarote Bruno,Manuel Lanzarote,1984-01-20,168
623,Aymeric,Laporte,,1994-05-27,168
891,Javier,Lara Grande,Javi Lara,1985-12-04,168
347,Sebastian,Larsson,,1985-06-06,173
875,Daniel,Larsson,,1987-01-25,173
1352,Lilian,Laslandes,,1971-09-04,65
1205,Jacob,Laursen,,1971-10-06,49
1156,Ulrich,Le Pen,,1974-01-21,65
1061,Graeme,Le Saux,,1968-10-17,57
1327,Matt,Le Tissier,,1968-10-14,57
125,Joe,Ledley,,1987-01-21,194
1079,Rob,Lee,,1966-02-01,57
1138,Sylvain,Legwinski,,1973-10-06,65
221,Lucas Pezzini,Leiva,Lucas,1987-01-09,27
699,Dejan,Lekić,,1985-06-07,157
177,Brian,Lenihan,,1994-06-08,85
395,Aaron,Lennon,,1987-04-16,57
1379,Øyvind,Leonhardsen,,1970-08-17,134
420,Joleon,Lescott,,1982-08-16,57
1218,Junior,Lewis,,1973-10-09,57
557,Képler Laveran,Lima Ferreira,Pepe,1983-02-26,144
282,Anders,Lindegaard,,1984-04-13,49
1124,Tobias,Linderoth,,1979-04-21,173
258,Jesse,Lingard,,1992-12-15,57
1049,Kevin,Lisbie,,1978-10-17,89
1225,Jari,Litmanen,,1971-02-20,64
161,Jake,Livermore,,1989-11-14,57
953,Freddie,Ljungberg,,1977-04-16,173
404,Hugo,Lloris,,1986-12-26,65
195,Conrad,Logan,,1986-04-18,85
1412,Steve,Lomas,,1974-01-18,133
61,Kevin,Long,,1990-08-18,85
321,Shane,Long,,1987-01-22,85
826,Unai,López Cabrera,Unai López,1995-10-30,168
903,José María,López de Silva Sánchez,López Silva,1983-02-01,168
633,Aritz,López Garai,Aritz López Garai,1980-11-06,168
681,Iván,López Mendoza,Iván López,1993-08-23,168
657,Íñigo,López Montaña,Íñigo López,1982-07-23,168
744,Pedro,López Muñoz,Pedro López,1983-11-01,168
533,Jonathan,López Pérez,Jonathan López,1981-04-16,168
674,Javier,López Rodríguez ,Javi López,1986-01-21,168
506,Pau,López Sabata,Pau López,1994-12-13,168
599,Alejandro,López Sánchez,Álex López,1988-01-11,168
761,Alberto,Lopo García,Alberto Lopo,1980-05-05,168
227,Dejan,Lovren,,1989-07-05,45
1320,Trésor Lomana,LuaLua,Lomana LuaLua,1980-12-28,43
242,Fernando,Luiz Rosa,Fernandinho,1985-05-04,27
134,Romelu,Lukaku,,1993-05-13,19
1347,Claus,Lundekvam,,1973-02-22,134
522,Germán Darío,Lux,Germán Lux,1982-06-07,9
939,Oleg,Luzhny,,1968-08-05,188
898,Víctor,Machín Pérez,Vitolo,1989-11-02,168
779,Darwin Daniel,Machís Marcano,Darwin Machís,1993-02-07,191
1359,Jürgen,Macho,,1977-08-24,12
593,Guilherme,Madalena Siqueira,Guilherme Siqueira,1986-04-28,27
792,Lévy Clément,Madinda,Lévy Madinda,1992-06-11,66
1153,Jim,Magilton,,1969-05-06,133
1002,Alan,Mahon,,1978-04-04,85
203,Riyad,Mahrez,,1991-02-21,3
443,Modibo,Maïga,,1987-09-03,112
577,Diego,Mainz García,Diego Mainz,1982-12-29,168
1171,Chris,Makin,,1973-05-08,57
1149,Steed,Malbranque,,1980-01-06,65
714,Hugo,Mallo Novegil,Hugo Mallo,1991-06-22,168
743,Mario,Mandžukić,,1986-05-21,45
333,Sadio,Mané,,1992-04-10,156
246,Eliaquim,Mangala,,1991-02-13,65
356,Vito,Mannone,,1988-03-02,87
677,Javier,Manquillo Gaitán,Javi Manquillo,1994-05-05,168
116,Adrian,Mariappa,,1986-10-03,57
563,Joaquín José,Marín Ruiz,Quini,1989-09-24,168
1297,Carlos,Marinelli,,1982-03-14,9
513,Diego,Mariño Villar,Diego Mariño,1990-05-09,168
225,Lazar,Markovic,,1994-02-04,157
1139,Steve,Marlet,,1974-01-10,65
55,Dean,Marney,,1984-01-31,57
785,Hélder Manuel,Marques Postiga,Hélder Postiga,1982-08-02,144
665,Javier,Márquez Moreno,Javi Márquez,1986-05-11,168
632,Sulayman,Marreh,,1996-01-15,67
1342,Chris,Marsden,,1969-01-03,57
1010,Ian,Marshall,,1966-03-20,57
1174,Andy,Marshall,,1975-04-14,57
520,Juan Carlos,Martín Corral,Juan Carlos,1988-01-20,168
28,Damián,Martínez,,1992-09-02,9
526,Rubén Iván,Martínez Andrade,Rubén,1984-06-22,168
612,Iñigo,Martínez Berridi,Iñigo Martínez,1991-05-17,168
710,Carlos,Martínez Díez,Carlos Martínez,1986-04-09,168
638,José Ignacio,Martínez García,Nacho,1989-03-07,168
719,Daniel Filipe,Martins Carriço,Daniel Carriço,1988-08-04,144
1177,Nigel,Martyn,,1966-08-11,57
626,Javier,Mascherano,,1984-08-06,9
512,Jordi,Masip López,Jordi Masip,1989-01-03,168
265,Juan,Mata,Juan Mata,1988-04-28,168
616,Simão,Mate Junior,,1988-07-23,123
652,Jérémy,Mathieu,,1983-10-29,65
892,Augusto,Matías Fernández,Augusto Fernández,1986-04-10,9
84,Nemanja,Matić,,1988-08-01,157
1182,Dominic,Matteo,,1974-04-28,155
642,Felipe,Mattioni,,1988-10-15,27
338,Charalampos,Mavrias,,1994-02-21,71
1095,Youl Alidor,Mawéné,Youl Mawéné,1979-07-16,65
1253,David,May,,1970-06-24,57
314,Emmanuel,Mayuka,,1990-11-21,196
667,Stéphane,Mbia Etounde,Stéphane Mbia,1986-05-20,34
1223,Gary,McAllister,,1964-12-25,155
130,James,McArthur,,1987-10-07,155
1351,Jason,McAteer,,1971-06-18,85
419,Gareth,McAuley,,1979-12-05,133
1363,Gavin,McCann,,1978-01-10,57
112,Patrick,McCarthy,,1983-05-31,85
148,James,McCarthy,,1990-11-12,155
505,Alex,McCarthy,,1989-12-03,57
1365,George,McCartney,,1981-04-29,133
1314,Jamie,McClen,,1979-05-13,57
140,Aiden,McGeady,,1986-04-04,155
1170,John,McGreal,,1972-06-02,57
173,Allan,McGregor,,1982-01-31,155
1189,Stephen,McPhail,,1979-12-09,85
157,Paul,McShane,,1986-01-06,85
1370,Nicolás,Medina,,1982-02-17,9
913,Francisco,Medina Luna,Piti,1981-05-26,168
766,Haris,Medunjanin,,1985-03-08,25
56,Ben,Mee,,1989-09-21,57
1067,Mario,Melchiot,,1976-11-04,53
977,Olof,Mellberg,,1977-09-03,173
1244,Neil,Mellor,,1982-11-04,57
1127,Andy,Melville,,1968-11-29,194
904,Édgar Antonio,Méndez Ortega,Édgar Méndez,1991-04-30,168
1040,Clive,Mendonca,,1968-09-09,57
684,Alex Sandro,Mendonça dos Santos,Cicinho,1986-08-04,27
964,Paul,Merson,,1968-03-20,57
2,Per,Mertesacker,,1984-09-29,69
934,Lionel,Messi,,1987-06-24,9
166,David,Meyler,,1989-05-29,85
229,Simon,Mignolet,,1988-03-06,19
989,Alan,Miller,,1970-03-29,57
1161,Tommy,Miller,,1979-01-08,57
1185,Danny,Mills,,1977-05-18,57
234,James,Milner,,1986-01-04,57
781,Santiago,Mina Lorenzo,Santi Mina,1995-12-07,168
1405,Scott,Minto,,1971-08-06,57
146,Kevin,Mirallas,,1987-10-05,19
655,João,Miranda de Souza Filho,Miranda,1984-09-07,27
928,Luka,Modrić,,1985-09-09,45
693,Johan Andrés,Mojica Palacio,Johan Mojica,1992-08-21,168
1399,John,Moncur,,1966-09-22,57
1338,Garry,Monk,,1979-03-06,57
6,Nacho,Monreal,,1986-02-26,168
835,Francisco,Montañés Claverías,Paco Montañés,1986-10-08,168
363,Jefferson,Montero,,1989-09-01,55
613,Martín,Montoya,,1991-04-14,168
201,Liam,Moore,,1993-01-31,57
1104,Joe-Max,Moore,,1971-02-23,4
916,José Luis,Morales Nogales,José Luis Morales,1987-07-23,168
850,Erik,Morán Arribas,Erik Morán,1991-05-25,168
218,Alberto,Moreno,,1992-07-05,168
834,Gerard,Moreno Balagueró,Gerard Moreno,1992-04-07,168
622,Héctor Alfredo,Moreno Herrera,Héctor Moreno,1988-01-17,117
822,Alexandre,Moreno Lopera,Álex Moreno,1993-06-08,168
849,Rodrigo,Moreno Machado,Rodrigo,1991-03-06,168
192,Wes,Morgan,,1984-01-21,89
1103,Lee,Morris,,1980-04-30,57
424,James,Morrison,,1986-05-25,57
432,Ravel,Morrison,,1993-02-02,57
91,Victor,Moses,Victor Moses,1990-12-12,130
695,Pedro,Mosquera Parada,Pedro Mosquera,1988-04-21,168
1348,Neil,Moss,,1975-05-10,57
549,Miguel Ángel,Moyà Rumbo,Miguel Ángel Moyà,1984-04-02,168
417,Youssouf,Mulumbu,,1987-01-25,198
925,Iker,Muniain,,1992-12-19,168
458,Mark,Muniesa,,1992-03-27,168
590,Jeison Fabián,Murillo Cerón,Jeison Murillo,1992-05-27,41
503,Brian,Murphy,,1983-05-07,85
1237,Danny,Murphy,,1977-03-18,57
108,Glenn,Murray,,1983-09-25,57
651,Mateo Pablo,Musacchio,,1990-08-26,9
588,Shkodran,Mustafi,,1992-04-17,69
1275,Robbie,Mustoe,,1968-08-28,57
498,Jordan,Mutch,,1991-12-02,57
422,Boaz,Myhill,,1982-11-09,194
348,Alfred,N'Diaye,,1990-03-06,65
1019,Bruno,N'Gotty,,1971-06-10,65
48,Charles,N'Zogbia,,1986-05-28,65
467,Steven,N'Zonzi,,1988-12-15,65
145,Steven,Naismith,,1986-09-14,155
244,Samir,Nasri,,1987-06-26,65
248,Matija,Nastasić,,1993-03-28,157
381,Kyle,Naughton,,1988-11-11,57
562,Joaquín,Navarro Armero,Ximo Navarro,1988-09-12,168
589,Fernando,Navarro i Corbacho,Fernando Navarro,1982-06-25,168
722,David,Navarro Pedrós,David Navarro,1980-05-25,168
548,Keylor Antonio,Navas Gamboa,Keylor Navas,1986-12-15,44
245,Jesús,Navas González,Jesús Navas,1985-11-21,168
1175,Richard,Naylor,,1977-02-28,57
240,Álvaro,Negredo,,1985-08-20,168
1000,Lucas,Neill,,1978-03-09,11
1292,Szilárd,Németh,,1977-08-08,161
457,Jamie,Ness,,1991-03-02,155
1262,Gary,Neville,,1975-02-18,57
1269,Phil,Neville,,1977-01-21,57
802,Daniel,Nieto Vela,Dani Nieto,1991-05-04,168
841,Saúl,Ñíguez Esclápez,Saúl Ñíguez,1994-11-21,168
881,Aarón,Ñíguez Esclápez,Aarón Ñíguez,1989-04-26,168
435,Mark,Noble,,1987-05-08,57
438,Kevin,Nolan,,1982-06-24,57
189,David,Nugent,,1985-05-02,57
683,Flávio,Nunes Ferreira,Flávio Ferreira,1991-10-19,144
630,Rúben Miguel,Nunes Vezo,Rúben Vezo,1994-04-05,144
1115,Alex,Nyarko,,1973-10-15,70
439,Joey,O'Brien,,1986-02-17,85
1315,Andy,O'Brien,,1979-06-29,85
104,Stuart,O'Keefe,,1991-03-04,57
427,Liam,O'Neil,,1993-07-31,57
1098,Brian,O'Neil,,1972-09-06,155
70,Luke,O'Neill,,1991-08-20,57
342,John,O'Shea,,1981-04-30,85
1092,Andy,Oakes,,1977-01-11,57
1222,Stefan,Oakes,,1978-09-06,57
1336,Matt,Oakley,,1977-08-17,57
295,Gabriel,Obertan,,1989-02-26,65
97,John,Obi Mikel,,1987-04-22,130
538,Jan,Oblak,,1993-01-07,162
531,Francisco Guillermo,Ochoa,,1985-07-13,117
478,Peter,Odemwingie,,1981-07-15,130
1284,Paul,Okon,,1972-04-05,11
51,Jores,Okore,,1992-08-11,49
733,Ramon,Olamilekan Azeez,Ramon Azeez,1992-12-12,130
521,Oier,Olazábal Paredes,Oier Olazábal,1989-09-14,168
415,Jonas,Olsson,,1983-03-10,173
496,Nedum,Onuoha,,1986-11-12,57
799,Lucas Alfonso,Orbán,Lucas Orbán,1989-02-03,9
855,Fabián Ariel,Orellana Valenzuela,Fabián Orellana,1986-01-27,39
207,Divock,Origi,,1995-04-18,19
1332,Brett,Ormerod,,1976-10-18,57
703,Joaquín,Oscar Larrivey,Joaquín Larrivey,1984-08-20,9
135,Leon,Osman,,1981-05-17,57
25,David,Ospina,,1988-08-31,41
1001,Egil,Østenstad,,1978-03-09,134
1362,John,Oster,,1978-12-08,194
328,Pablo Daniel,Osvaldo,Dani Osvaldo,1986-01-12,9
664,Nicolás,Otamendi,,1988-02-12,9
1142,Abdeslam,Ouaddou,,1978-11-01,122
586,Borja,Oubiña Meléndez,Borja Oubiña,1982-05-17,168
132,Bryan,Oviedo,,1990-02-18,44
1242,Michael,Owen,,1979-12-14,57
12,Alex,Oxlade-Chamberlain,,1993-08-15,57
971,Alpay,Özalan,Alpay,1973-05-29,184
8,Mesut,Özil,Mesut Özil,1988-10-15,69
797,Vitorino Gabriel,Pacheco Antunes,Vitorino Antunes,1987-04-01,144
518,Fernando,Pacheco Flores,,1992-05-18,168
1334,Marian,Pahars,,1976-08-05,99
471,Wilson,Palacios,,1984-07-29,77
355,Costel,Pantilimon,,1987-02-01,146
774,Rubén,Pardo Gutiérrez,Rubén Pardo,1992-10-22,168
811,Nicolás Martín,Pareja,Nicolás Pareja,1984-01-19,9
896,Dani,Parejo,,1989-04-16,168
1054,Scott,Parker,,1980-10-13,57
942,Ray,Parlour,,1973-03-07,57
1298,Stuart,Parnaby,,1982-07-19,57
529,Germán,Parreño Boix,Germán Parreño,1993-02-16,168
669,Thomas,Partey,,1993-06-13,70
80,Mario,Pašalić,,1995-02-09,69
1413,Ian,Pearce,,1974-05-07,57
1024,Henrik,Pedersen,,1975-06-10,49
620,Sergio,Pelegrín López,Sergio Pelegrín,1979-04-18,168
322,Graziano,Pellè,,1985-07-15,87
685,Weligton Robson,Pena de Oliveira,Weligton,1979-08-26,27
961,Jermaine,Pennant,,1983-01-15,57
553,Douglas,Pereira dos Santos,Douglas,1990-08-06,27
287,Ayoze,Pérez,Ayoze Pérez,1993-07-23,168
914,Pablo Javier,Pérez,,1985-08-10,9
646,Rubén,Pérez del Mármol,Rubén Pérez,1989-04-26,168
915,Hernán Arsenio,Pérez González,Hernán Pérez,1989-02-25,141
272,Rafael,Periera da Silva,Rafael,1990-07-09,27
1384,Chris,Perry,,1973-04-26,57
1063,Emmanuel,Petit,,1970-09-22,65
1329,Dan,Petrescu,,1967-12-22,146
486,Matt,Phillips,,1991-03-13,57
1356,Kevin,Phillips,,1973-07-25,57
858,Pablo Daniel,Piatti,Pablo Piatti,1989-03-31,9
136,Steven,Pienaar,,1982-03-17,165
455,Erik,Pieters,,1988-08-07,53
769,Tomás,Pina Isla,Tomás Pina,1987-10-14,168
789,Daniel,Pinillos González,Daniel Pinillos,1992-10-22,168
1213,Matt,Piper,,1981-09-29,57
836,Gerard,Piqué Bernabeu,Gerard Piqué,1987-02-02,168
947,Robert,Pirès,,1973-10-29,65
1119,Alessandro,Pistone,,1975-07-27,87
587,Carles,Planas Antolínez,Carles Planas,1991-03-04,168
418,Sébastien,Pocognoli,,1987-08-01,19
16,Lukas,Podolski,,1985-06-04,70
1008,Kevin,Poole,,1963-07-21,57
1084,Mart,Poom,,1972-02-03,60
666,Francisco,Portillo Soler,Francisco Portillo,1990-06-13,168
1036,Chris,Powell,,1969-09-08,57
1086,Darryl,Powell,,1971-11-15,89
436,Diego,Poyet,,1995-05-08,57
1377,Gustavo,Poyet,Gus Poyet,1967-11-15,189
824,Alejandro,Pozuelo Melero,Alejandro Pozuelo,1991-09-20,168
127,Lewis,Price,,1984-07-19,194
878,Xabi,Prieto,,1983-08-29,168
1037,Martin,Pringle,,1970-11-18,173
1364,Michael,Proctor,,1980-10-03,57
118,Jason,Puncheon,,1986-06-26,57
1349,Niall,Quinn,,1966-10-06,85
882,Bryan Martín,Rabello Mella,Bryan Rabello,1994-05-16,39
1179,Lucas,Radebe,,1969-04-12,165
721,Nemanja,Radoja,,1993-02-06,157
1108,Tomasz,Radzinski,,1973-12-14,35
889,Ivan,Rakitić,,1988-03-10,45
107,Peter,Ramage,,1983-11-22,57
318,Gastón,Ramírez,Gastón Ramírez,1990-12-02,189
596,Iván Andrés,Ramis Barrios,Iván Ramis,1984-10-25,168
773,Sergio,Ramos,Sergio Ramos,1986-03-30,168
730,Luís Carlos,Ramos Martins,Luís Martins,1992-06-10,168
23,Aaron,Ramsey,,1990-12-26,194
360,Ángel,Rangel Zaragoza,Ángel Rangel,1982-10-28,168
482,Sandro,Raniere Guimarães Cordeiro,Sandro,1989-03-15,27
1081,Fabrizio,Ravanelli,,1968-12-11,87
804,Juan Carlos,Real Ruiz,Juan Carlos,1991-03-15,168
1388,Serhiy,Rebrov,,1974-06-03,188
1227,Jamie,Redknapp,,1973-06-25,57
67,Steven,Reid,,1981-03-10,57
433,Winston,Reid,,1988-07-03,127
793,David,Remeseiro Salgueiro,Jason,1994-07-06,168
102,Loïc,Rémy,,1987-01-02,65
1411,Tomáš,Řepka,,1974-01-02,48
700,Ezequiel,Rescaldani,,1992-06-11,9
922,Jorge,Resurrección Merodio,Koke,1992-01-08,168
1159,Martijn,Reuser,,1975-02-01,53
1355,Claudio,Reyna,,1973-07-20,4
1288,Hamilton,Ricard,,1974-01-12,41
231,Micah,Richards,,1988-06-24,57
366,Ashley,Richards,Jazz Richards,1991-04-12,194
1389,Dean,Richards,,1974-06-09,57
33,Kieran,Richardson,,1984-10-21,57
960,Rohan,Ricketts,,1982-12-22,57
1029,Michael,Ricketts,,1978-12-04,57
727,Francisco Manuel,Rico Castro,Fran Rico,1987-08-03,168
515,Sergio,Rico González,Sergio Rico,1993-09-01,168
691,Mikel,Rico Moreno,Mikel Rico,1984-11-04,168
1094,Chris,Riggott,,1980-09-01,57
1245,John Arne,Riise,,1979-09-24,134
1325,Stuart,Ripley,,1967-11-20,57
292,Emmanuel,Rivière,,1990-03-03,65
341,Valentin,Roberge,,1987-06-09,65
1310,Laurent,Robert,,1975-05-21,65
155,Andrew,Robertson,,1994-03-11,155
1096,Marvin,Robinson,,1980-04-11,57
1195,Paul,Robinson,,1979-10-15,57
151,Joel,Robles,,1990-06-17,168
723,Michel Macedo,Rocha Machado,Michel Macedo,1990-02-15,27
865,Rubén,Rochina Naixes,Rubén Rochina,1991-03-23,168
570,Héctor,Rodas Ramírez,Héctor Rodas,1988-03-07,168
823,Garry,Rodrigues,,1990-11-27,36
316,Jay,Rodriguez,,1989-07-29,57
893,Cristian Gabriel,Rodríguez Barotti,Cristian Rodriguez,1985-09-30,189
564,David Omar,Rodríguez Barrera,Deivid,1989-01-27,168
874,Ángel Luis,Rodríguez Díaz,Ángel Rodríguez,1987-04-26,168
829,Pedro,Rodríguez Ledesma,Pedro,1987-07-28,168
634,David,Rodríguez Lombán,David Lombán,1987-06-05,168
517,Antonio,Rodríguez Martínez,Toño,1979-12-17,168
524,Yeol,Rodríguez Oterino,Yeol Rodríguez,1988-08-28,168
905,Víctor,Rodríguez Romero,Víctor Rodríguez,1989-07-23,168
906,James David,Rodríguez Rubio,James Rodríguez,1991-07-12,41
890,Jesé,Rodríguez Ruiz,Jesé,1993-02-26,168
645,Juan Antonio,Rodríguez Villamuela,Juan Rodríguez,1982-04-01,168
350,Jack,Rodwell,,1991-03-11,57
1221,Alan,Rogers,,1977-01-03,57
284,Marcos,Rojo,,1990-03-20,9
708,Roberto,Román Triguero,Tito,1985-07-11,168
933,Cristiano,Ronaldo,Cristiano Ronaldo,1985-02-05,144
429,Kemar,Roofe,,1993-01-06,57
280,Wayne,Rooney,,1985-10-24,57
619,José Eduardo,Rosa Vale e Castro,Zé Castro,1983-01-13,144
559,Roberto José,Rosales Altuve,Roberto Rosales,1988-11-20,191
391,Danny,Rose,,1990-07-02,57
171,Liam,Rosenior,,1984-07-09,57
13,Tomáš,Rosický,,1980-10-04,48
169,Karim,Rossi,,1994-05-01,174
357,Wayne,Routledge,,1985-01-07,57
180,Louis,Rowley,,1995-04-21,57
1216,Simon,Royce,,1971-09-09,57
595,Alexis,Ruano Delgado,Alexis,1985-08-04,168
1047,Richard,Rufus,,1975-01-12,57
624,Víctor,Ruiz Torre,Víctor Ruiz,1989-01-25,168
621,Antonio,Rukavina,,1984-01-26,157
697,Adrián,Saballs,,1995-07-07,168
160,Yannick,Sagbo,,1988-04-12,65
237,Bacary,Sagna,,1983-02-14,65
1148,Louis,Saha,,1978-08-08,65
543,Mikel,Saizar Soroa,Mikel Saizar,1983-01-18,168
214,Mamadou,Sakho,,1990-02-13,65
441,Diafra,Sakho,,1989-12-24,156
430,Georgios,Samaras,,1985-02-21,71
982,Jlloyd,Samuel,,1981-03-29,57
578,Mikel,San José Domínguez,Mikel San José,1989-05-30,168
451,Adrián,San Miguel del Castillo,Adrián,1987-01-03,168
45,Carlos,Sánchez,,1986-02-06,41
219,José Enrique,Sánchez Díaz,José Enrique,1986-01-23,168
923,Pedro León,Sánchez Gil,Pedro León,1986-11-24,168
527,Juan Carlos,Sánchez Martínez,Juan Carlos,1987-07-27,168
606,Víctor,Sánchez Mata,Víctor Sánchez,1987-09-08,168
760,Sergio,Sánchez Ortega,Sergio Sánchez,1986-04-03,168
821,Jozabed,Sánchez Ruiz,Jozabed,1991-03-08,168
813,Iván,Sánchez-Rico Soto,Riki,1980-08-11,168
18,Yaya,Sanogo,,1993-01-27,65
901,Roque Luis,Santa Cruz Cantero,Roque Santa Cruz,1981-08-16,141
299,Davide,Santon,,1991-01-02,87
86,Ramires,Santos do Nascimento,Ramires,1987-03-24,27
880,Pablo,Sarabia García,Pablo Sarabia,1992-05-11,168
1207,Robbie,Savage,,1974-10-18,194
1415,Sébastien,Schemmel,,1975-06-02,65
185,Jeffrey,Schlupp,,1992-12-23,70
196,Kasper,Schmeichel,,1986-11-05,49
962,Peter,Schmeichel,,1963-11-18,49
326,Morgan,Schneiderlin,,1989-11-08,65
1260,Paul,Scholes,,1974-11-16,57
89,André,Schürrle,,1990-11-06,69
1350,Stefan,Schwarz,,1969-04-18,173
1285,Mark,Schwarzer,,1972-10-06,11
1219,James,Scowcroft,,1975-11-15,57
935,David,Seaman,,1963-09-19,57
34,Philippe,Senderos,,1985-02-14,174
575,Diego,Seoane Pérez,Diego Seoane,1988-04-26,168
1164,Matteo,Sereni,,1975-02-11,87
414,Stéphane,Sessègnon,,1984-06-01,21
866,Salva,Sevilla López,Salva Sevilla,1984-03-18,168
65,Jason,Shackell,,1983-09-27,57
276,Luke,Shaw,,1995-07-12,57
473,Ryan,Shawcross,,1987-10-04,57
475,Brek,Shea,,1990-02-28,4
1303,Alan,Shearer,,1970-08-13,57
364,Jonjo,Shelvey,,1992-02-27,57
1374,Teddy,Sheringham,,1966-04-02,57
1382,Tim,Sherwood,,1969-02-06,57
987,Craig,Short,,1968-06-25,57
456,Ryan,Shotton,,1988-09-30,57
472,Steve,Sidwell,,1982-12-14,57
371,Gylfi,Sigurðsson,,1989-09-08,80
252,David,Silva,David Silva,1986-01-08,168
1270,Mikaël,Silvestre,,1977-08-09,65
1123,Steve,Simonsen,,1979-04-03,57
204,Danny,Simpson,,1987-01-04,57
232,Scott,Sinclair,,1989-03-25,57
1206,Frank,Sinclair,,1971-12-03,89
1410,Trevor,Sinclair,,1973-03-02,57
298,Moussa,Sissoko,,1989-08-16,65
569,Mohamed,Sissoko,,1985-01-22,112
210,Martin,Škrtel,,1984-12-15,48
270,Chris,Smalling,,1989-11-22,57
1196,Alan,Smith,,1980-10-28,57
168,Robert,Snodgrass,,1987-09-07,155
671,Enrique,Sola Clemente,Kike Sola,1986-02-25,168
1309,Nolberto,Solano,,1974-12-12,142
399,Roberto,Soldado,,1985-05-27,168
1259,Ole Gunnar,Solskjaer,,1973-02-26,134
618,Alex,Song,,1987-09-09,34
1416,Rigobert,Song,,1976-07-01,34
68,Marvin,Sordell,,1991-02-17,57
480,Thomas,Sørensen,,1976-06-12,49
732,Bruno,Soriano Llido,Bruno Soriano,1984-06-12,168
872,Fernando,Soriano Marco,Fernando Soriano,1979-09-24,168
1025,Nicky,Southall,,1972-01-28,57
1283,Gareth,Southgate,,1970-09-03,57
1302,Gary,Speed,,1969-09-08,194
129,Julian,Speroni,,1979-05-18,9
1258,Jaap,Stam,,1972-07-17,53
394,Benjamin,Stambouli,,1990-08-13,65
1290,Phil,Stamp,,1975-12-12,57
966,Steve,Staunton,,1969-01-19,57
946,Igors,Stepanovs,,1976-01-21,99
309,Jack,Stephens,,1994-01-27,57
208,Raheem,Sterling,,1994-12-08,57
50,Enda,Stevens,,1990-07-09,85
1155,Marcus,Stewart,,1972-11-07,57
1214,Jordan,Stewart,,1982-03-03,57
1295,Robbie,Stockdale,,1979-11-30,155
1140,Andrejs,Štolcers,,1974-07-08,99
967,Steve,Stone,,1971-08-20,57
147,John,Stones,,1994-05-28,57
1080,Branko,Strupar,,1970-02-09,19
705,Christian,Stuani,,1986-10-12,189
1035,Graham,Stuart,,1970-10-24,57
1110,Alan,Stubbs,,1971-10-06,57
222,Daniel,Sturridge,,1989-09-01,57
929,Luis Alberto,Suárez Diaz,Luis Suárez,1987-01-24,189
883,Denis,Suárez Fernández,Denis Suárez,1994-01-06,168
758,Mario,Suárez Mata,Mario Suárez,1987-02-24,168
755,Damián Nicolás,Suárez Suárez,Damián Suárez,1988-04-27,189
1378,Neil,Sullivan,,1970-02-24,155
1291,Mark,Summerbell,,1976-10-30,57
362,Ki,Sung-yeung,,1989-01-24,166
919,Markel,Susaeta Laskurain,Markel Susaeta,1987-12-14,168
1046,Mathias,Svensson,,1974-09-24,173
1333,Anders,Svensson,,1976-07-17,173
26,Wojciech,Szczęsny,,1990-04-18,143
497,Adel,Taarabt,,1989-05-24,122
324,Dušan,Tadić,,1988-11-20,157
1204,Gerry,Taggart,,1970-10-18,133
1120,Idan,Tal,,1975-09-13,86
310,Matt,Targett,,1995-09-18,57
1383,Mauricio,Taricco,,1973-03-10,9
373,Alan,Tate,,1982-09-02,57
812,André Filipe,Tavares Gomes,André Gomes,1993-07-30,144
339,Adilson,Tavares Varela,Cabral,1988-10-22,174
57,Matthew,Taylor,,1981-11-27,57
289,Steven,Taylor,,1986-01-23,57
359,Neil,Taylor,,1989-02-07,194
979,Ian,Taylor,,1979-11-09,57
1005,Martin,Taylor,,1979-11-09,57
1129,Maik,Taylor,,1971-09-04,133
188,Gary,Taylor-Fletcher,,1981-06-04,57
1345,Paul,Telfer,,1971-10-21,155
539,Marc-André,ter Stergen,,1992-04-30,69
99,John,Terry,,1980-12-07,57
1346,Jo,Tessem,,1972-02-28,134
1385,Ben,Thatcher,,1975-11-30,194
1395,Alton,Thelwell,,1980-09-05,57
1368,Paul,Thirlwell,,1979-02-13,57
119,Jerome,Thomas,,1983-03-23,57
1353,Emerson,Thome,,1972-03-30,27
368,Dwight,Tiendalli,,1985-10-21,53
302,Cheick,Tioté,,1986-06-21,88
656,Fernando Damián,Tissone Rodrigues,Fernando Tissone,1986-07-24,9
1042,Andy,Todd,,1974-09-21,57
1022,Stig,Tøfting,,1969-08-14,49
449,James,Tomkins,,1989-03-29,57
31,Aleksandar,Tonev,,1990-02-03,29
672,Gaizka,Toquero Pinedo,Gaizka Toquero,1984-08-09,168
93,Fernando,Torres,Fernando Torres,1984-03-20,168
788,Juan Francisco,Torres Belén,Juanfran,1985-01-09,168
686,Miguel,Torres Gómez,Miguel Torres,1986-01-28,168
607,Juan,Torres Ruiz,Cala,1989-11-26,168
220,Kolo,Touré,Kolo Touré,1981-03-19,88
250,Gnégnéri Yaya,Touré,Yaya Touré,1983-05-13,88
397,Andros,Townsend,,1991-07-16,57
499,Armand,Traoré,,1989-10-08,65
751,Roberto,Trashorras Gayoso,Roberto Trashorras,1981-02-28,168
377,Gerhard,Tremmel,,1978-11-16,69
801,Benoît,Trémoulinas,,1985-12-28,65
845,Manuel,Trigueros Muñoz,Manu Trigueros,1991-10-17,168
69,Kieran,Trippier,,1990-09-19,57
603,Ángel,Trujillo Canorea,Ángel Trujillo,1987-09-08,168
888,Arda,Turan,,1987-01-30,184
808,Kalu Tongololiki Mawakavamba Jawarapawara,Uche,Kalu Uche,1982-11-15,130
825,Ikechukwu,Uche,,1984-01-05,130
190,Leonardo,Ulloa,,1986-07-26,9
996,Hakan,Ünsal,,1973-05-14,184
1113,David,Unsworth,,1973-10-16,57
186,Matthew,Upson,,1979-04-18,57
1099,Simo,Valakari,,1973-04-28,64
263,Antonio,Valencia,,1985-08-04,55
446,Enner,Valencia,,1989-11-04,55
635,Juan,Valera Espín,Juan Valera,1984-12-21,168
336,Patrick,van Aanholt,,1990-08-29,53
945,Giovanni,van Bronckhorst,,1975-02-05,53
1249,Raimond,van der Gouw,,1963-03-24,53
1135,Edwin,van der Sar,,1970-10-29,53
92,Marco,van Ginkel,,1992-12-01,53
1268,Ruud,van Nistelrooy,,1976-07-01,53
273,Robin,van Persie,,1983-08-06,53
550,Raphaël,Varane,,1993-04-25,65
182,Jamie,Vardy,,1987-01-11,57
1354,Stanislav,Varga,,1972-10-08,161
736,Vinícius,Vasconcelos Araújo,Vinícius Araújo,1993-02-22,27
984,Darius,Vassell,,1980-06-13,57
444,Ricardo,Vaz Tê,,1986-10-01,144
819,Carlos,Vela,Carlos Vela,1989-03-01,117
643,Francisco Manuel,Vélez Jiménez,Fran Vélez,1991-06-23,168
647,Carlos Henrique José Francisco,Venâncio Casimiro,Casemiro,1992-02-23,27
1151,Mark,Venus,,1967-04-06,57
702,José,Verdú Nicolás,Toché,1983-01-01,168
842,Thomas,Vermaelen,,1985-11-14,19
1266,Juan Sebastián,Verón,,1975-03-09,9
398,Jan,Vertonghen,,1987-04-24,19
864,Aleix,Vidal,,1989-08-21,168
1186,Mark,Viduka,,1975-10-09,11
948,Patrick,Vieira,,1976-06-23,65
859,Luciano,Vietto,,1993-12-05,9
1243,Grégory,Vignal,,1981-07-19,65
783,Borja,Viguera Manzanares,Borja Viguera,1987-03-26,168
32,Ron,Vlaar,,1985-02-16,53
60,Sam,Vokes,,1989-10-21,194
402,Michel,Vorm,,1983-10-20,53
580,Egor,Vsevolodovich Filipenko,Egor Filipenko,1988-04-10,18
582,Loukas,Vyntra,,1981-02-05,71
3,Theo,Walcott,,1989-03-16,57
390,Kyle,Walker,,1990-05-28,57
1202,Ian,Walker,,1971-10-31,57
73,Ross,Wallace,,1985-05-23,155
1017,Rod,Wallace,,1969-10-02,57
460,Jonathan,Walters,,1983-09-20,85
327,Victor,Wanyama,,1991-06-25,93
111,Joel,Ward,,1989-10-29,57
317,James,Ward-Prowse,,1994-11-01,57
1016,Paul,Warhurst,,1969-09-26,57
202,Marcin,Wasilewski,,1980-06-09,143
334,Duncan,Watmore,,1994-03-08,57
1118,Steve,Watson,,1974-04-01,57
30,Andreas,Weimann,,1991-08-05,12
1109,David,Weir,,1970-05-10,155
27,Danny,Welbeck,,1990-11-26,57
1235,Sander,Westerveld,,1974-10-23,53
40,Ashley,Westwood,,1990-04-01,57
462,Glenn,Whelan,,1984-01-13,85
1289,Noel,Whelan,,1974-12-30,57
1014,Mike,Whitlow,,1968-01-13,57
351,Connor,Wickham,,1993-03-31,57
1180,Jason,Wilcox,,1971-07-15,57
584,Cezary,Wilk,,1986-02-12,143
469,Andy,Wilkinson,,1984-08-06,57
124,Jonathan,Williams,,1993-10-09,57
361,Ashley,Williams,,1984-08-23,194
1371,Darren,Williams,,1977-04-28,57
698,Iñaki,Williams Dannis,Iñaki Williams,1994-06-15,168
300,Mike,Williamson,,1983-11-08,57
1154,Fabian,Wilnis,,1970-08-23,171
22,Jack,Wilshire,,1992-01-01,57
454,Marc,Wilson,,1987-08-17,133
943,Sylvain,Wiltord,,1974-05-10,65
1277,Dean,Windass,,1969-04-01,57
1401,Nigel,Winterburn,,1963-12-11,57
205,Andre,Wisdom,,1993-05-09,57
1199,Dennis,Wise,,1966-12-16,57
179,Chris,Wood,,1991-12-07,127
1197,Jonathan,Woodgate,,1980-01-22,57
254,Richard,Wright,,1977-11-05,57
968,Alan,Wright,,1971-09-28,57
1162,Jermaine,Wright,,1975-10-21,57
1240,Stephen,Wright,,1980-02-08,57
483,Shaun,Wright-Phillips,,1981-10-25,57
1107,Abel,Xavier,,1972-11-30,144
416,Claudio,Yacob,,1987-07-18,9
297,Mapou,Yanga-Mbiwa,,1989-05-15,65
814,Karim,Yoda,,1988-10-25,65
495,Suk-Young,Yoon,,1990-02-13,90
1257,Dwight,Yorke,,1971-11-03,180
313,Maya,Yoshida,,1988-08-24,90
274,Ashley,Young,,1985-07-09,57
1052,Luke,Young,,1979-07-19,57
581,Kim,Young-gyu,Kiu,1995-01-05,166
639,Héctor,Yuste Cantón,Héctor Yuste,1988-01-12,168
235,Pablo,Zabaleta,,1985-01-16,189
266,Wilfried,Zaha,,1992-11-10,57
493,Bobby,Zamora,,1981-01-16,57
434,Mauro,Zárate,,1987-03-18,9
1089,Luciano,Zavagno,,1977-08-06,9
1068,Boudewijn,Zenden,,1976-08-15,53
1381,Christian,Ziege,,1972-02-01,69
465,Cameron,Zishan Rana-Jerome,Cameron Jerome,1986-10-14,57
1057,Gianfranco,Zola,,1966-07-05,87
832,Jonathan,Zongo,,1989-04-06,30
90,Kurt,Zouma,,1994-10-27,65
509,Eñaut,Zubikarai Goñi,Eñaut Zubikarai,1984-02-26,168
839,David,Zurutuza Veillet,David Zurutuza,1986-07-19,65
